{
  "metadata": {
    "generated_at": "2025-06-08T20:57:34.177203",
    "databases": [
      "Chroma",
      "Antarys",
      "Qdrant",
      "Milvus"
    ],
    "comparison_version": "1.0"
  },
  "write_performance": {
    "Chroma": {
      "throughput_vectors_per_sec": 2213.834400172162,
      "avg_batch_time": 0.4517049694061279,
      "batch_size": 1000,
      "total_points": 100000,
      "percentiles": {
        "p50": 0.4503990411758423,
        "p90": 0.46153576374053956,
        "p99": 0.4753772497177124
      },
      "successful_batches": 100
    },
    "Antarys": {
      "throughput_vectors_per_sec": 2220.079935081395,
      "avg_batch_time": 0.4504342317581177,
      "batch_size": 1000,
      "total_points": 100000,
      "percentiles": {
        "p50": 0.44787895679473877,
        "p90": 0.4661406040191651,
        "p99": 0.4931927680969238
      },
      "successful_batches": 100
    },
    "Qdrant": {
      "throughput_vectors_per_sec": 743.15885654519,
      "avg_batch_time": 1.3456073236465453,
      "batch_size": 1000,
      "total_points": 100000,
      "percentiles": {
        "p50": 1.344355583190918,
        "p90": 1.4125539779663085,
        "p99": 1.4610910081863406
      },
      "successful_batches": 100
    },
    "Milvus": {
      "throughput_vectors_per_sec": 1961.0982313555355,
      "avg_batch_time": 0.5099183630943298,
      "batch_size": 1000,
      "total_points": 100000,
      "percentiles": {
        "p50": 0.49699103832244873,
        "p90": 0.6774205446243287,
        "p99": 0.8306155323982244
      },
      "successful_batches": 100
    }
  },
  "read_performance": {
    "Chroma": {
      "queries_10": {
        "throughput_queries_per_sec": 8.280906529675047,
        "avg_query_time": 0.12075972557067871,
        "successful_queries": 10,
        "percentiles": {
          "p50": 0.1292099952697754,
          "p90": 0.2271808862686157,
          "p99": 0.24679733991622926
        }
      },
      "queries_100": {
        "throughput_queries_per_sec": 9.12458359051924,
        "avg_query_time": 0.10959404230117797,
        "successful_queries": 100,
        "percentiles": {
          "p50": 0.10700833797454834,
          "p90": 0.21736485958099366,
          "p99": 0.2284780526161195
        }
      },
      "queries_1000": {
        "throughput_queries_per_sec": 9.097263206915896,
        "avg_query_time": 0.10992316889762878,
        "successful_queries": 1000,
        "percentiles": {
          "p50": 0.10484695434570312,
          "p90": 0.21935739517211914,
          "p99": 0.24071357011795044
        }
      }
    },
    "Antarys": {
      "queries_10": {
        "throughput_queries_per_sec": 58.43480199226777,
        "avg_query_time": 0.017113089561462402,
        "successful_queries": 10,
        "percentiles": {
          "p50": 0.01754450798034668,
          "p90": 0.020963716506957997,
          "p99": 0.04432185173034668
        }
      },
      "queries_100": {
        "throughput_queries_per_sec": 74.71657766585156,
        "avg_query_time": 0.013383910655975342,
        "successful_queries": 100,
        "percentiles": {
          "p50": 0.01730799674987793,
          "p90": 0.017789936065673827,
          "p99": 0.019237790107727127
        }
      },
      "queries_1000": {
        "throughput_queries_per_sec": 75.7091824322229,
        "avg_query_time": 0.01320843744277954,
        "successful_queries": 1000,
        "percentiles": {
          "p50": 0.01729285717010498,
          "p90": 0.017918086051940917,
          "p99": 0.01920316934585571
        }
      }
    },
    "Qdrant": {
      "queries_10": {
        "throughput_queries_per_sec": 10.033970446668313,
        "avg_query_time": 0.09966144561767579,
        "successful_queries": 10,
        "percentiles": {
          "p50": 0.03570258617401123,
          "p90": 0.2540480613708495,
          "p99": 0.4465950918197632
        }
      },
      "queries_100": {
        "throughput_queries_per_sec": 26.470057743962847,
        "avg_query_time": 0.03777853488922119,
        "successful_queries": 100,
        "percentiles": {
          "p50": 0.03459751605987549,
          "p90": 0.05599327087402344,
          "p99": 0.0628048872947693
        }
      },
      "queries_1000": {
        "throughput_queries_per_sec": 26.800566068207736,
        "avg_query_time": 0.03731264472007752,
        "successful_queries": 1000,
        "percentiles": {
          "p50": 0.03445744514465332,
          "p90": 0.055243706703186034,
          "p99": 0.06332098960876464
        }
      }
    },
    "Milvus": {
      "queries_10": {
        "throughput_queries_per_sec": 5.652280315534478,
        "avg_query_time": 0.17691974639892577,
        "successful_queries": 10,
        "percentiles": {
          "p50": 0.16934549808502197,
          "p90": 0.2834837436676025,
          "p99": 0.3803348779678345
        }
      },
      "queries_100": {
        "throughput_queries_per_sec": 18.27701784960891,
        "avg_query_time": 0.05471352100372315,
        "successful_queries": 100,
        "percentiles": {
          "p50": 0.04591012001037598,
          "p90": 0.0859686613082886,
          "p99": 0.2032460594177248
        }
      },
      "queries_1000": {
        "throughput_queries_per_sec": 14.47612159066315,
        "avg_query_time": 0.0690792760848999,
        "successful_queries": 1000,
        "percentiles": {
          "p50": 0.0478900671005249,
          "p90": 0.12560315132141114,
          "p99": 0.3377915358543396
        }
      }
    }
  },
  "recall_performance": {
    "Chroma": {
      "recall_at_100": 1.0,
      "recall_std": 0.0,
      "recall_samples": 50,
      "note": "Consistency check \u2013 Chroma doesn\u2019t support exact search"
    },
    "Antarys": {
      "recall_at_100": 1.0,
      "recall_std": 0.0,
      "recall_samples": 50,
      "note": ""
    },
    "Qdrant": {
      "recall_at_100": 1.0,
      "recall_std": 0.0,
      "recall_samples": 50,
      "note": ""
    },
    "Milvus": {
      "recall_at_100": 0.9996,
      "recall_std": 0.0028000000000000026,
      "recall_samples": 50,
      "note": ""
    }
  },
  "system_info": {
    "Chroma": {
      "os": "Darwin 24.5.0",
      "cpu": "arm",
      "cpu_cores": 8,
      "ram_gb": 16.0,
      "python_version": "3.13.2",
      "architecture": "64bit",
      "machine": "arm64",
      "timestamp": "2025-06-08T12:28:12.399746"
    },
    "Antarys": {
      "os": "Darwin 24.5.0",
      "cpu": "arm",
      "cpu_cores": 8,
      "ram_gb": 16.0,
      "python_version": "3.13.2",
      "architecture": "64bit",
      "machine": "arm64",
      "timestamp": "2025-06-08T11:35:15.186884"
    },
    "Qdrant": {
      "os": "Darwin 24.5.0",
      "cpu": "arm",
      "cpu_cores": 8,
      "ram_gb": 16.0,
      "python_version": "3.13.2",
      "architecture": "64bit",
      "machine": "arm64",
      "timestamp": "2025-06-08T11:41:30.110651"
    },
    "Milvus": {
      "os": "Darwin 24.5.0",
      "cpu": "arm",
      "cpu_cores": 8,
      "ram_gb": 16.0,
      "python_version": "3.13.2",
      "architecture": "64bit",
      "machine": "arm64",
      "timestamp": "2025-06-08T20:36:59.308565"
    }
  },
  "charts": {
    "write_throughput": [
      {
        "database": "Chroma",
        "throughput": 2213.834400172162,
        "batch_size": 1000
      },
      {
        "database": "Antarys",
        "throughput": 2220.079935081395,
        "batch_size": 1000
      },
      {
        "database": "Qdrant",
        "throughput": 743.15885654519,
        "batch_size": 1000
      },
      {
        "database": "Milvus",
        "throughput": 1961.0982313555355,
        "batch_size": 1000
      }
    ],
    "read_throughput": [
      {
        "database": "Chroma",
        "throughput": 9.097263206915896,
        "avg_latency": 109.92316889762878
      },
      {
        "database": "Antarys",
        "throughput": 75.7091824322229,